분류번호,위험물유형,수집날짜,위도,경도,노드링크,시작노드,끝노드,도로명주소,데이터기준일자
SAMPLE-00001,종방향 균열,2025-11-15,37.379473,126.907153,LINK023,N033,N002,경기도 안양시 만안로 95,2025-12-31
SAMPLE-00002,거북등 균열,2025-07-28,37.398739,126.977919,LINK039,N026,N029,경기도 안양시 만안로 209,2025-12-31
SAMPLE-00003,거북등 균열,2025-12-03,37.382751,126.934685,LINK018,N064,N023,경기도 안양시 안양로 258,2025-12-31
SAMPLE-00004,종방향 균열,2025-06-10,37.381185,126.977347,LINK024,N031,N012,경기도 안양시 안양로 181,2025-12-31
SAMPLE-00005,횡방향 균열,2025-06-01,37.420049,126.937735,LINK008,N026,N021,경기도 안양시 경수대로 116,2025-12-31
SAMPLE-00006,도로파임,2025-08-10,37.402393,126.921613,LINK039,N061,N047,경기도 안양시 경수대로 293,2025-12-31
SAMPLE-00007,도로파임,2025-07-07,37.409115,126.957575,LINK009,N042,N005,경기도 안양시 관악대로 220,2025-12-31
SAMPLE-00008,종방향 균열,2025-02-21,37.42088,126.894145,LINK023,N079,N055,경기도 안양시 시민대로 130,2025-12-31
SAMPLE-00009,횡방향 균열,2025-03-26,37.401863,126.923509,LINK029,N066,N017,경기도 안양시 관악대로 106,2025-12-31
SAMPLE-00010,도로파임,2025-05-04,37.363038,126.892083,LINK037,N078,N076,경기도 안양시 시민대로 13,2025-12-31
SAMPLE-00011,도로파임,2025-01-27,37.422743,126.908843,LINK004,N018,N057,경기도 안양시 안양로 297,2025-12-31
SAMPLE-00012,거북등 균열,2025-07-06,37.404298,126.923535,LINK003,N046,N031,경기도 안양시 흥안대로 25,2025-12-31
SAMPLE-00013,종방향 균열,2025-02-13,37.377307,126.966491,LINK013,N063,N024,경기도 안양시 관악대로 290,2025-12-31
SAMPLE-00014,종방향 균열,2025-02-23,37.404992,126.922536,LINK030,N031,N054,경기도 안양시 경수대로 60,2025-12-31
SAMPLE-00015,포트홀,2025-12-21,37.404267,126.923534,LINK009,N023,N069,경기도 안양시 시민대로 67,2025-12-31
SAMPLE-00016,포트홀,2025-06-09,37.430496,126.908946,LINK038,N077,N007,경기도 안양시 경수대로 17,2025-12-31
SAMPLE-00017,횡방향 균열,2025-06-01,37.42657,126.891567,LINK019,N043,N006,경기도 안양시 시민대로 49,2025-12-31
SAMPLE-00018,도로파임,2025-12-21,37.404463,126.923785,LINK034,N048,N022,경기도 안양시 안양로 132,2025-12-31
SAMPLE-00019,거북등 균열,2025-07-06,37.364351,126.962153,LINK015,N020,N073,경기도 안양시 학의로 88,2025-12-31
SAMPLE-00020,횡방향 균열,2025-11-04,37.41237,126.894061,LINK003,N046,N028,경기도 안양시 관악대로 196,2025-12-31
SAMPLE-00021,도로파임,2025-01-03,37.404446,126.924026,LINK012,N064,N003,경기도 안양시 만안로 184,2025-12-31
SAMPLE-00022,종방향 균열,2025-12-08,37.39756,126.934134,LINK008,N041,N053,경기도 안양시 관악대로 156,2025-12-31
SAMPLE-00023,횡방향 균열,2025-10-08,37.375284,126.931851,LINK015,N062,N078,경기도 안양시 학의로 235,2025-12-31
SAMPLE-00024,종방향 균열,2025-04-19,37.38177,126.935032,LINK002,N004,N059,경기도 안양시 만안로 77,2025-12-31
SAMPLE-00025,종방향 균열,2025-12-20,37.401362,126.976396,LINK016,N018,N074,경기도 안양시 만안로 99,2025-12-31
SAMPLE-00026,거북등 균열,2025-10-17,37.377772,126.939295,LINK030,N014,N023,경기도 안양시 안양로 74,2025-12-31
SAMPLE-00027,거북등 균열,2025-12-19,37.401848,126.921899,LINK005,N072,N045,경기도 안양시 시민대로 14,2025-12-31
SAMPLE-00028,거북등 균열,2025-02-15,37.402274,126.932859,LINK025,N021,N058,경기도 안양시 안양로 4,2025-12-31
SAMPLE-00029,거북등 균열,2025-05-08,37.396922,126.904798,LINK037,N019,N024,경기도 안양시 시민대로 104,2025-12-31
SAMPLE-00030,종방향 균열,2025-09-17,37.403816,126.922172,LINK030,N007,N070,경기도 안양시 안양로 170,2025-12-31
SAMPLE-00031,횡방향 균열,2025-05-09,37.405105,126.947766,LINK024,N014,N051,경기도 안양시 학의로 97,2025-12-31
SAMPLE-00032,거북등 균열,2025-01-24,37.363633,126.948775,LINK039,N043,N067,경기도 안양시 경수대로 206,2025-12-31
SAMPLE-00033,포트홀,2025-06-01,37.393751,126.957836,LINK020,N052,N061,경기도 안양시 흥안대로 106,2025-12-31
SAMPLE-00034,종방향 균열,2025-08-16,37.39083,126.89625,LINK006,N004,N075,경기도 안양시 경수대로 46,2025-12-31
SAMPLE-00035,포트홀,2025-01-14,37.411377,126.941913,LINK012,N039,N076,경기도 안양시 흥안대로 170,2025-12-31
SAMPLE-00036,종방향 균열,2025-10-21,37.383202,126.935041,LINK034,N026,N046,경기도 안양시 학의로 152,2025-12-31
SAMPLE-00037,도로파임,2025-11-24,37.421504,126.922691,LINK033,N042,N070,경기도 안양시 학의로 59,2025-12-31
SAMPLE-00038,횡방향 균열,2025-03-10,37.420928,126.920784,LINK015,N046,N021,경기도 안양시 안양로 60,2025-12-31
SAMPLE-00039,종방향 균열,2025-06-06,37.395648,126.957077,LINK016,N005,N069,경기도 안양시 흥안대로 186,2025-12-31
SAMPLE-00040,횡방향 균열,2025-09-19,37.402406,126.902936,LINK027,N022,N073,경기도 안양시 흥안대로 31,2025-12-31
SAMPLE-00041,포트홀,2025-10-10,37.434105,126.942787,LINK004,N046,N072,경기도 안양시 만안로 12,2025-12-31
SAMPLE-00042,포트홀,2025-04-03,37.384458,126.936298,LINK003,N012,N013,경기도 안양시 흥안대로 79,2025-12-31
SAMPLE-00043,포트홀,2025-08-09,37.405575,126.907521,LINK018,N060,N021,경기도 안양시 경수대로 232,2025-12-31
SAMPLE-00044,포트홀,2025-10-22,37.365889,126.936442,LINK015,N058,N024,경기도 안양시 안양로 289,2025-12-31
SAMPLE-00045,종방향 균열,2025-02-18,37.401825,126.923582,LINK018,N070,N021,경기도 안양시 만안로 135,2025-12-31
SAMPLE-00046,포트홀,2025-04-20,37.389011,126.921262,LINK011,N048,N073,경기도 안양시 관악대로 1,2025-12-31
SAMPLE-00047,도로파임,2025-07-19,37.388938,126.933185,LINK003,N020,N031,경기도 안양시 관악대로 238,2025-12-31
SAMPLE-00048,횡방향 균열,2025-05-04,37.383855,126.935329,LINK027,N013,N015,경기도 안양시 만안로 168,2025-12-31
SAMPLE-00049,포트홀,2025-03-14,37.382687,126.90164,LINK039,N073,N065,경기도 안양시 만안로 295,2025-12-31
SAMPLE-00050,횡방향 균열,2025-10-25,37.379448,126.922694,LINK040,N072,N076,경기도 안양시 만안로 104,2025-12-31
SAMPLE-00051,포트홀,2025-02-27,37.40303,126.921779,LINK017,N056,N049,경기도 안양시 학의로 57,2025-12-31
SAMPLE-00052,횡방향 균열,2025-08-02,37.430699,126.910267,LINK040,N009,N048,경기도 안양시 경수대로 187,2025-12-31
SAMPLE-00053,종방향 균열,2025-10-25,37.391696,126.949721,LINK029,N040,N023,경기도 안양시 안양로 279,2025-12-31
SAMPLE-00054,횡방향 균열,2025-07-20,37.383186,126.935603,LINK025,N066,N012,경기도 안양시 시민대로 108,2025-12-31
SAMPLE-00055,거북등 균열,2025-01-09,37.37943,126.927578,LINK039,N048,N037,경기도 안양시 안양로 298,2025-12-31
SAMPLE-00056,거북등 균열,2025-01-24,37.424985,126.894143,LINK015,N074,N022,경기도 안양시 안양로 125,2025-12-31
SAMPLE-00057,종방향 균열,2025-02-19,37.395667,126.95815,LINK004,N013,N044,경기도 안양시 만안로 122,2025-12-31
SAMPLE-00058,도로파임,2025-04-20,37.364452,126.966593,LINK016,N070,N045,경기도 안양시 만안로 210,2025-12-31
SAMPLE-00059,포트홀,2025-03-22,37.431219,126.974316,LINK024,N076,N078,경기도 안양시 경수대로 277,2025-12-31
SAMPLE-00060,도로파임,2025-08-19,37.402075,126.92315,LINK025,N034,N018,경기도 안양시 안양로 92,2025-12-31
SAMPLE-00061,횡방향 균열,2025-02-27,37.400712,126.944309,LINK008,N038,N067,경기도 안양시 시민대로 184,2025-12-31
SAMPLE-00062,도로파임,2025-04-06,37.437674,126.905962,LINK021,N039,N038,경기도 안양시 흥안대로 164,2025-12-31
SAMPLE-00063,포트홀,2025-11-11,37.394657,126.95736,LINK008,N059,N028,경기도 안양시 경수대로 116,2025-12-31
SAMPLE-00064,횡방향 균열,2025-11-27,37.380269,126.967729,LINK002,N078,N012,경기도 안양시 학의로 55,2025-12-31
SAMPLE-00065,포트홀,2025-10-14,37.368736,126.942682,LINK040,N080,N067,경기도 안양시 안양로 23,2025-12-31
SAMPLE-00066,거북등 균열,2025-05-15,37.383348,126.934912,LINK038,N070,N029,경기도 안양시 학의로 111,2025-12-31
SAMPLE-00067,종방향 균열,2025-09-27,37.370152,126.973301,LINK019,N068,N072,경기도 안양시 흥안대로 238,2025-12-31
SAMPLE-00068,포트홀,2025-06-16,37.416008,126.955645,LINK017,N067,N031,경기도 안양시 관악대로 99,2025-12-31
SAMPLE-00069,거북등 균열,2025-12-15,37.383641,126.9346,LINK012,N013,N056,경기도 안양시 학의로 288,2025-12-31
SAMPLE-00070,거북등 균열,2025-06-06,37.430879,126.923367,LINK009,N045,N037,경기도 안양시 학의로 188,2025-12-31
SAMPLE-00071,도로파임,2025-10-12,37.415568,126.914243,LINK026,N013,N016,경기도 안양시 학의로 291,2025-12-31
SAMPLE-00072,도로파임,2025-07-20,37.384172,126.935503,LINK009,N053,N031,경기도 안양시 학의로 235,2025-12-31
SAMPLE-00073,거북등 균열,2025-12-03,37.413873,126.902475,LINK027,N045,N069,경기도 안양시 시민대로 222,2025-12-31
SAMPLE-00074,포트홀,2025-07-27,37.378085,126.967903,LINK018,N072,N063,경기도 안양시 경수대로 147,2025-12-31
SAMPLE-00075,도로파임,2025-06-08,37.384162,126.934451,LINK031,N038,N068,경기도 안양시 시민대로 152,2025-12-31
SAMPLE-00076,포트홀,2025-12-21,37.387837,126.916013,LINK017,N060,N056,경기도 안양시 학의로 8,2025-12-31
SAMPLE-00077,횡방향 균열,2025-06-27,37.383901,126.907157,LINK004,N048,N031,경기도 안양시 안양로 274,2025-12-31
SAMPLE-00078,횡방향 균열,2025-08-21,37.382018,126.933597,LINK016,N077,N062,경기도 안양시 관악대로 278,2025-12-31
SAMPLE-00079,횡방향 균열,2025-04-19,37.364537,126.967361,LINK003,N026,N059,경기도 안양시 관악대로 251,2025-12-31
SAMPLE-00080,횡방향 균열,2025-09-20,37.388218,126.949492,LINK022,N045,N069,경기도 안양시 만안로 208,2025-12-31
SAMPLE-00081,포트홀,2025-08-13,37.403554,126.922881,LINK021,N010,N020,경기도 안양시 안양로 89,2025-12-31
SAMPLE-00082,횡방향 균열,2025-08-26,37.426567,126.9677,LINK006,N053,N062,경기도 안양시 관악대로 207,2025-12-31
SAMPLE-00083,종방향 균열,2025-10-09,37.391514,126.978818,LINK020,N067,N048,경기도 안양시 관악대로 111,2025-12-31
SAMPLE-00084,도로파임,2025-07-04,37.393621,126.957665,LINK017,N032,N023,경기도 안양시 관악대로 157,2025-12-31
SAMPLE-00085,횡방향 균열,2025-12-23,37.420341,126.961768,LINK022,N050,N023,경기도 안양시 시민대로 229,2025-12-31
SAMPLE-00086,거북등 균열,2025-11-19,37.380509,126.974521,LINK034,N021,N065,경기도 안양시 흥안대로 221,2025-12-31
SAMPLE-00087,거북등 균열,2025-06-05,37.393336,126.956074,LINK022,N035,N069,경기도 안양시 관악대로 23,2025-12-31
SAMPLE-00088,거북등 균열,2025-10-21,37.400171,126.928281,LINK039,N074,N011,경기도 안양시 만안로 121,2025-12-31
SAMPLE-00089,횡방향 균열,2025-04-11,37.389964,126.942236,LINK024,N016,N074,경기도 안양시 시민대로 111,2025-12-31
SAMPLE-00090,횡방향 균열,2025-12-16,37.394639,126.957539,LINK001,N080,N038,경기도 안양시 안양로 220,2025-12-31
SAMPLE-00091,종방향 균열,2025-08-19,37.437213,126.952903,LINK027,N080,N045,경기도 안양시 흥안대로 49,2025-12-31
SAMPLE-00092,횡방향 균열,2025-04-15,37.413505,126.933631,LINK016,N040,N033,경기도 안양시 학의로 241,2025-12-31
SAMPLE-00093,포트홀,2025-03-25,37.403572,126.921666,LINK020,N051,N074,경기도 안양시 경수대로 287,2025-12-31
SAMPLE-00094,도로파임,2025-12-27,37.388497,126.912165,LINK026,N059,N046,경기도 안양시 시민대로 191,2025-12-31
SAMPLE-00095,포트홀,2025-11-02,37.435836,126.923962,LINK034,N017,N047,경기도 안양시 흥안대로 183,2025-12-31
SAMPLE-00096,거북등 균열,2025-06-19,37.383982,126.936178,LINK017,N037,N035,경기도 안양시 관악대로 60,2025-12-31
SAMPLE-00097,횡방향 균열,2025-10-04,37.420756,126.955565,LINK020,N062,N024,경기도 안양시 시민대로 280,2025-12-31
SAMPLE-00098,횡방향 균열,2025-06-16,37.429272,126.910842,LINK035,N065,N058,경기도 안양시 만안로 170,2025-12-31
SAMPLE-00099,횡방향 균열,2025-03-26,37.382498,126.934946,LINK020,N050,N023,경기도 안양시 경수대로 24,2025-12-31
SAMPLE-00100,종방향 균열,2025-04-12,37.387174,126.958628,LINK005,N042,N044,경기도 안양시 학의로 120,2025-12-31
SAMPLE-00101,횡방향 균열,2025-05-17,37.401236,126.904849,LINK024,N051,N080,경기도 안양시 관악대로 277,2025-12-31
SAMPLE-00102,종방향 균열,2025-05-04,37.401557,126.924287,LINK024,N072,N067,경기도 안양시 흥안대로 261,2025-12-31
SAMPLE-00103,거북등 균열,2025-11-07,37.370629,126.953138,LINK003,N037,N005,경기도 안양시 만안로 77,2025-12-31
SAMPLE-00104,도로파임,2025-12-07,37.398626,126.895529,LINK018,N016,N045,경기도 안양시 흥안대로 227,2025-12-31
SAMPLE-00105,도로파임,2025-12-01,37.40345,126.923675,LINK006,N011,N062,경기도 안양시 시민대로 156,2025-12-31
SAMPLE-00106,종방향 균열,2025-10-06,37.417392,126.952686,LINK038,N013,N067,경기도 안양시 흥안대로 262,2025-12-31
SAMPLE-00107,포트홀,2025-04-13,37.39395,126.969892,LINK013,N063,N069,경기도 안양시 만안로 203,2025-12-31
SAMPLE-00108,횡방향 균열,2025-05-20,37.395466,126.958044,LINK037,N044,N007,경기도 안양시 학의로 198,2025-12-31
SAMPLE-00109,도로파임,2025-06-04,37.395205,126.928654,LINK010,N052,N011,경기도 안양시 안양로 70,2025-12-31
SAMPLE-00110,종방향 균열,2025-10-17,37.433411,126.918587,LINK011,N003,N061,경기도 안양시 학의로 43,2025-12-31
SAMPLE-00111,도로파임,2025-03-05,37.384082,126.934227,LINK040,N073,N051,경기도 안양시 만안로 95,2025-12-31
SAMPLE-00112,종방향 균열,2025-11-13,37.39717,126.937585,LINK022,N071,N028,경기도 안양시 흥안대로 225,2025-12-31
SAMPLE-00113,도로파임,2025-01-05,37.404044,126.967788,LINK023,N078,N076,경기도 안양시 흥안대로 83,2025-12-31
SAMPLE-00114,종방향 균열,2025-03-14,37.382264,126.935171,LINK009,N077,N028,경기도 안양시 안양로 27,2025-12-31
SAMPLE-00115,도로파임,2025-08-08,37.40006,126.894736,LINK031,N009,N049,경기도 안양시 안양로 166,2025-12-31
SAMPLE-00116,종방향 균열,2025-12-19,37.390178,126.941186,LINK013,N035,N024,경기도 안양시 경수대로 297,2025-12-31
SAMPLE-00117,횡방향 균열,2025-08-03,37.381632,126.93463,LINK037,N009,N014,경기도 안양시 학의로 50,2025-12-31
SAMPLE-00118,횡방향 균열,2025-02-20,37.374596,126.897583,LINK028,N001,N074,경기도 안양시 흥안대로 15,2025-12-31
SAMPLE-00119,포트홀,2025-05-17,37.436804,126.894382,LINK035,N008,N004,경기도 안양시 관악대로 44,2025-12-31
SAMPLE-00120,포트홀,2025-02-25,37.395686,126.956686,LINK007,N063,N054,경기도 안양시 흥안대로 202,2025-12-31
SAMPLE-00121,거북등 균열,2025-12-25,37.39711,126.909485,LINK039,N010,N038,경기도 안양시 관악대로 32,2025-12-31
SAMPLE-00122,횡방향 균열,2025-02-24,37.405166,126.960871,LINK021,N069,N069,경기도 안양시 경수대로 259,2025-12-31
SAMPLE-00123,포트홀,2025-03-24,37.402314,126.922724,LINK014,N022,N063,경기도 안양시 학의로 155,2025-12-31
SAMPLE-00124,거북등 균열,2025-01-27,37.360678,126.898029,LINK030,N065,N056,경기도 안양시 경수대로 110,2025-12-31
SAMPLE-00125,포트홀,2025-06-22,37.409727,126.9051,LINK005,N077,N047,경기도 안양시 관악대로 288,2025-12-31
SAMPLE-00126,포트홀,2025-05-10,37.401659,126.922978,LINK030,N023,N047,경기도 안양시 만안로 161,2025-12-31
SAMPLE-00127,종방향 균열,2025-11-19,37.386883,126.946451,LINK027,N060,N010,경기도 안양시 학의로 134,2025-12-31
SAMPLE-00128,거북등 균열,2025-04-24,37.423511,126.905019,LINK034,N017,N079,경기도 안양시 시민대로 44,2025-12-31
SAMPLE-00129,거북등 균열,2025-06-05,37.383263,126.934708,LINK026,N044,N004,경기도 안양시 관악대로 289,2025-12-31
SAMPLE-00130,횡방향 균열,2025-01-17,37.394072,126.943779,LINK010,N045,N039,경기도 안양시 학의로 226,2025-12-31
SAMPLE-00131,포트홀,2025-09-17,37.437993,126.945241,LINK006,N009,N004,경기도 안양시 안양로 34,2025-12-31
SAMPLE-00132,포트홀,2025-01-18,37.39571,126.957604,LINK007,N010,N051,경기도 안양시 관악대로 52,2025-12-31
SAMPLE-00133,종방향 균열,2025-10-06,37.376364,126.947512,LINK020,N069,N055,경기도 안양시 안양로 227,2025-12-31
SAMPLE-00134,도로파임,2025-12-08,37.396556,126.974511,LINK010,N042,N075,경기도 안양시 경수대로 66,2025-12-31
SAMPLE-00135,도로파임,2025-12-10,37.382956,126.935878,LINK009,N031,N005,경기도 안양시 경수대로 9,2025-12-31
SAMPLE-00136,도로파임,2025-12-16,37.396171,126.978349,LINK038,N059,N001,경기도 안양시 만안로 300,2025-12-31
SAMPLE-00137,도로파임,2025-12-12,37.370338,126.906393,LINK003,N023,N036,경기도 안양시 안양로 281,2025-12-31
SAMPLE-00138,도로파임,2025-05-06,37.38394,126.935044,LINK006,N015,N027,경기도 안양시 학의로 145,2025-12-31
SAMPLE-00139,횡방향 균열,2025-05-26,37.36101,126.96395,LINK016,N075,N007,경기도 안양시 학의로 128,2025-12-31
SAMPLE-00140,횡방향 균열,2025-12-10,37.363959,126.969989,LINK038,N045,N052,경기도 안양시 관악대로 220,2025-12-31
SAMPLE-00141,횡방향 균열,2025-09-20,37.381916,126.934694,LINK024,N062,N008,경기도 안양시 흥안대로 182,2025-12-31
SAMPLE-00142,종방향 균열,2025-01-21,37.38162,126.957116,LINK030,N064,N077,경기도 안양시 만안로 5,2025-12-31
SAMPLE-00143,거북등 균열,2025-06-23,37.407209,126.934999,LINK038,N029,N008,경기도 안양시 관악대로 124,2025-12-31
SAMPLE-00144,도로파임,2025-04-15,37.403924,126.92374,LINK037,N035,N028,경기도 안양시 관악대로 261,2025-12-31
SAMPLE-00145,포트홀,2025-07-22,37.360251,126.926606,LINK022,N065,N013,경기도 안양시 만안로 207,2025-12-31
SAMPLE-00146,거북등 균열,2025-12-02,37.366367,126.915207,LINK002,N063,N076,경기도 안양시 관악대로 282,2025-12-31
SAMPLE-00147,거북등 균열,2025-12-11,37.395102,126.95823,LINK029,N002,N019,경기도 안양시 만안로 143,2025-12-31
SAMPLE-00148,종방향 균열,2025-07-16,37.399592,126.919076,LINK022,N056,N069,경기도 안양시 시민대로 29,2025-12-31
SAMPLE-00149,종방향 균열,2025-10-08,37.377507,126.938415,LINK024,N079,N043,경기도 안양시 안양로 137,2025-12-31
SAMPLE-00150,종방향 균열,2025-04-17,37.383618,126.934959,LINK038,N059,N077,경기도 안양시 경수대로 290,2025-12-31
SAMPLE-00151,포트홀,2025-08-21,37.403402,126.906681,LINK026,N036,N045,경기도 안양시 관악대로 146,2025-12-31
SAMPLE-00152,포트홀,2025-09-03,37.363828,126.914224,LINK028,N003,N020,경기도 안양시 흥안대로 212,2025-12-31
SAMPLE-00153,종방향 균열,2025-12-11,37.404153,126.922641,LINK013,N060,N049,경기도 안양시 시민대로 224,2025-12-31
SAMPLE-00154,종방향 균열,2025-02-11,37.413103,126.915821,LINK007,N020,N065,경기도 안양시 흥안대로 14,2025-12-31
SAMPLE-00155,거북등 균열,2025-01-06,37.424219,126.919048,LINK016,N002,N052,경기도 안양시 만안로 118,2025-12-31
SAMPLE-00156,횡방향 균열,2025-02-25,37.39471,126.955416,LINK006,N062,N024,경기도 안양시 만안로 35,2025-12-31
SAMPLE-00157,포트홀,2025-03-04,37.4215,126.966273,LINK023,N032,N037,경기도 안양시 안양로 232,2025-12-31
SAMPLE-00158,거북등 균열,2025-11-23,37.363866,126.924758,LINK025,N037,N038,경기도 안양시 관악대로 45,2025-12-31
SAMPLE-00159,도로파임,2025-05-01,37.402455,126.922695,LINK020,N066,N027,경기도 안양시 경수대로 277,2025-12-31
SAMPLE-00160,종방향 균열,2025-10-05,37.435606,126.926722,LINK010,N047,N007,경기도 안양시 안양로 259,2025-12-31
SAMPLE-00161,종방향 균열,2025-06-22,37.429258,126.902091,LINK037,N056,N017,경기도 안양시 흥안대로 290,2025-12-31
SAMPLE-00162,도로파임,2025-04-09,37.401721,126.923244,LINK009,N047,N010,경기도 안양시 흥안대로 285,2025-12-31
SAMPLE-00163,종방향 균열,2025-06-02,37.431684,126.969766,LINK040,N075,N014,경기도 안양시 경수대로 221,2025-12-31
SAMPLE-00164,도로파임,2025-01-13,37.410124,126.90985,LINK028,N020,N049,경기도 안양시 만안로 236,2025-12-31
SAMPLE-00165,종방향 균열,2025-11-11,37.382706,126.935036,LINK026,N012,N028,경기도 안양시 흥안대로 74,2025-12-31
SAMPLE-00166,횡방향 균열,2025-02-07,37.366379,126.964695,LINK025,N056,N003,경기도 안양시 관악대로 123,2025-12-31
SAMPLE-00167,횡방향 균열,2025-01-05,37.435279,126.965148,LINK010,N003,N016,경기도 안양시 경수대로 70,2025-12-31
SAMPLE-00168,거북등 균열,2025-11-07,37.402341,126.921794,LINK016,N024,N030,경기도 안양시 관악대로 228,2025-12-31
SAMPLE-00169,횡방향 균열,2025-10-03,37.389974,126.959288,LINK026,N068,N054,경기도 안양시 시민대로 186,2025-12-31
SAMPLE-00170,거북등 균열,2025-02-26,37.406529,126.956635,LINK014,N080,N009,경기도 안양시 관악대로 49,2025-12-31
SAMPLE-00171,거북등 균열,2025-06-24,37.392903,126.955444,LINK008,N014,N008,경기도 안양시 시민대로 263,2025-12-31
SAMPLE-00172,도로파임,2025-09-13,37.369411,126.918149,LINK002,N068,N005,경기도 안양시 시민대로 67,2025-12-31
SAMPLE-00173,도로파임,2025-01-05,37.410134,126.906356,LINK021,N032,N055,경기도 안양시 관악대로 69,2025-12-31
SAMPLE-00174,거북등 균열,2025-07-01,37.404019,126.923408,LINK003,N003,N004,경기도 안양시 만안로 43,2025-12-31
SAMPLE-00175,도로파임,2025-07-25,37.439655,126.974993,LINK011,N007,N017,경기도 안양시 관악대로 173,2025-12-31
SAMPLE-00176,종방향 균열,2025-03-04,37.360112,126.914852,LINK028,N066,N008,경기도 안양시 시민대로 285,2025-12-31
SAMPLE-00177,거북등 균열,2025-07-07,37.394409,126.957996,LINK014,N002,N043,경기도 안양시 관악대로 69,2025-12-31
SAMPLE-00178,거북등 균열,2025-02-26,37.412049,126.966111,LINK014,N053,N033,경기도 안양시 학의로 94,2025-12-31
SAMPLE-00179,도로파임,2025-05-13,37.374054,126.919897,LINK028,N030,N042,경기도 안양시 안양로 46,2025-12-31
SAMPLE-00180,종방향 균열,2025-09-17,37.383391,126.933746,LINK034,N069,N078,경기도 안양시 안양로 31,2025-12-31
SAMPLE-00181,종방향 균열,2025-10-26,37.439916,126.97583,LINK004,N076,N031,경기도 안양시 경수대로 99,2025-12-31
SAMPLE-00182,포트홀,2025-02-12,37.418187,126.971285,LINK023,N062,N072,경기도 안양시 시민대로 143,2025-12-31
SAMPLE-00183,횡방향 균열,2025-09-16,37.393591,126.956436,LINK032,N075,N059,경기도 안양시 만안로 121,2025-12-31
SAMPLE-00184,거북등 균열,2025-02-08,37.429118,126.896255,LINK004,N011,N001,경기도 안양시 시민대로 83,2025-12-31
SAMPLE-00185,횡방향 균열,2025-11-05,37.388652,126.893297,LINK038,N023,N014,경기도 안양시 학의로 167,2025-12-31
SAMPLE-00186,종방향 균열,2025-05-22,37.384032,126.936447,LINK004,N052,N050,경기도 안양시 시민대로 49,2025-12-31
SAMPLE-00187,거북등 균열,2025-03-21,37.399671,126.895994,LINK037,N002,N074,경기도 안양시 흥안대로 276,2025-12-31
SAMPLE-00188,거북등 균열,2025-09-05,37.426259,126.95094,LINK023,N057,N013,경기도 안양시 만안로 63,2025-12-31
SAMPLE-00189,종방향 균열,2025-01-17,37.394433,126.957318,LINK021,N051,N022,경기도 안양시 시민대로 138,2025-12-31
SAMPLE-00190,도로파임,2025-10-25,37.368899,126.911854,LINK024,N045,N031,경기도 안양시 학의로 193,2025-12-31
SAMPLE-00191,도로파임,2025-08-08,37.414116,126.973028,LINK019,N069,N055,경기도 안양시 안양로 13,2025-12-31
SAMPLE-00192,횡방향 균열,2025-12-08,37.402463,126.921544,LINK006,N040,N062,경기도 안양시 만안로 256,2025-12-31
SAMPLE-00193,횡방향 균열,2025-06-10,37.418822,126.912478,LINK029,N009,N057,경기도 안양시 경수대로 50,2025-12-31
SAMPLE-00194,횡방향 균열,2025-04-13,37.42588,126.890523,LINK025,N030,N034,경기도 안양시 학의로 77,2025-12-31
SAMPLE-00195,종방향 균열,2025-11-18,37.395613,126.957764,LINK030,N078,N035,경기도 안양시 학의로 237,2025-12-31
SAMPLE-00196,도로파임,2025-04-16,37.423221,126.9077,LINK033,N067,N030,경기도 안양시 관악대로 264,2025-12-31
SAMPLE-00197,거북등 균열,2025-07-02,37.427354,126.943859,LINK001,N024,N045,경기도 안양시 시민대로 116,2025-12-31
SAMPLE-00198,도로파임,2025-10-08,37.394759,126.95779,LINK026,N061,N045,경기도 안양시 관악대로 103,2025-12-31
SAMPLE-00199,종방향 균열,2025-12-23,37.410921,126.926555,LINK009,N022,N073,경기도 안양시 안양로 33,2025-12-31
SAMPLE-00200,거북등 균열,2025-03-16,37.37122,126.93611,LINK021,N028,N003,경기도 안양시 학의로 12,2025-12-31
SAMPLE-00201,종방향 균열,2025-09-27,37.393684,126.956778,LINK034,N026,N040,경기도 안양시 시민대로 176,2025-12-31
SAMPLE-00202,종방향 균열,2025-09-16,37.422728,126.932655,LINK019,N050,N035,경기도 안양시 시민대로 154,2025-12-31
SAMPLE-00203,횡방향 균열,2025-03-19,37.367622,126.977611,LINK036,N043,N013,경기도 안양시 만안로 218,2025-12-31
SAMPLE-00204,종방향 균열,2025-01-13,37.384239,126.935504,LINK027,N012,N080,경기도 안양시 경수대로 289,2025-12-31
SAMPLE-00205,도로파임,2025-08-20,37.39808,126.902052,LINK031,N045,N052,경기도 안양시 시민대로 108,2025-12-31
SAMPLE-00206,종방향 균열,2025-08-28,37.427534,126.929662,LINK027,N077,N076,경기도 안양시 흥안대로 151,2025-12-31
SAMPLE-00207,포트홀,2025-01-23,37.383163,126.936405,LINK018,N075,N024,경기도 안양시 안양로 229,2025-12-31
SAMPLE-00208,도로파임,2025-12-14,37.379582,126.897799,LINK034,N024,N037,경기도 안양시 학의로 121,2025-12-31
SAMPLE-00209,횡방향 균열,2025-10-08,37.370435,126.961975,LINK021,N008,N054,경기도 안양시 안양로 177,2025-12-31
SAMPLE-00210,도로파임,2025-01-23,37.394542,126.956541,LINK038,N048,N054,경기도 안양시 학의로 21,2025-12-31
SAMPLE-00211,도로파임,2025-02-18,37.425246,126.916596,LINK026,N015,N062,경기도 안양시 경수대로 79,2025-12-31
SAMPLE-00212,포트홀,2025-07-01,37.384907,126.946038,LINK030,N014,N069,경기도 안양시 만안로 183,2025-12-31
SAMPLE-00213,종방향 균열,2025-01-25,37.393493,126.955702,LINK004,N022,N041,경기도 안양시 안양로 30,2025-12-31
SAMPLE-00214,포트홀,2025-08-08,37.436434,126.946565,LINK011,N060,N070,경기도 안양시 경수대로 143,2025-12-31
SAMPLE-00215,포트홀,2025-11-06,37.426373,126.949197,LINK019,N008,N039,경기도 안양시 만안로 113,2025-12-31
SAMPLE-00216,종방향 균열,2025-10-15,37.395201,126.955967,LINK030,N062,N026,경기도 안양시 안양로 257,2025-12-31
SAMPLE-00217,포트홀,2025-02-07,37.406736,126.975073,LINK007,N055,N075,경기도 안양시 시민대로 202,2025-12-31
SAMPLE-00218,횡방향 균열,2025-08-27,37.4289,126.970962,LINK031,N011,N043,경기도 안양시 만안로 191,2025-12-31
SAMPLE-00219,종방향 균열,2025-09-15,37.403542,126.9234,LINK030,N069,N010,경기도 안양시 안양로 237,2025-12-31
SAMPLE-00220,포트홀,2025-12-09,37.408844,126.900285,LINK026,N072,N020,경기도 안양시 만안로 217,2025-12-31
SAMPLE-00221,도로파임,2025-09-08,37.405888,126.943238,LINK018,N011,N075,경기도 안양시 학의로 209,2025-12-31
SAMPLE-00222,종방향 균열,2025-03-22,37.401563,126.922656,LINK001,N080,N019,경기도 안양시 경수대로 174,2025-12-31
SAMPLE-00223,포트홀,2025-09-11,37.421747,126.928181,LINK027,N060,N007,경기도 안양시 흥안대로 72,2025-12-31
SAMPLE-00224,도로파임,2025-07-25,37.413807,126.97086,LINK016,N027,N023,경기도 안양시 시민대로 188,2025-12-31
SAMPLE-00225,거북등 균열,2025-10-11,37.39347,126.956342,LINK018,N045,N061,경기도 안양시 흥안대로 39,2025-12-31
SAMPLE-00226,종방향 균열,2025-02-24,37.363668,126.90243,LINK030,N060,N033,경기도 안양시 경수대로 266,2025-12-31
SAMPLE-00227,포트홀,2025-05-23,37.38096,126.969199,LINK028,N047,N075,경기도 안양시 흥안대로 67,2025-12-31
SAMPLE-00228,거북등 균열,2025-07-28,37.381697,126.935777,LINK009,N024,N052,경기도 안양시 안양로 211,2025-12-31
SAMPLE-00229,거북등 균열,2025-03-24,37.389429,126.92905,LINK001,N009,N020,경기도 안양시 관악대로 300,2025-12-31
SAMPLE-00230,횡방향 균열,2025-09-05,37.400656,126.945973,LINK033,N033,N056,경기도 안양시 관악대로 135,2025-12-31
SAMPLE-00231,거북등 균열,2025-03-07,37.384426,126.93363,LINK039,N002,N004,경기도 안양시 시민대로 229,2025-12-31
SAMPLE-00232,거북등 균열,2025-11-07,37.372883,126.939372,LINK039,N007,N018,경기도 안양시 흥안대로 21,2025-12-31
SAMPLE-00233,포트홀,2025-03-04,37.394568,126.969179,LINK004,N036,N065,경기도 안양시 시민대로 236,2025-12-31
SAMPLE-00234,도로파임,2025-04-01,37.402529,126.922258,LINK007,N012,N005,경기도 안양시 안양로 82,2025-12-31
SAMPLE-00235,횡방향 균열,2025-11-17,37.401167,126.978493,LINK002,N049,N043,경기도 안양시 시민대로 205,2025-12-31
SAMPLE-00236,도로파임,2025-04-09,37.394585,126.91445,LINK039,N046,N030,경기도 안양시 안양로 239,2025-12-31
SAMPLE-00237,종방향 균열,2025-03-17,37.39571,126.956172,LINK014,N019,N062,경기도 안양시 만안로 235,2025-12-31
SAMPLE-00238,종방향 균열,2025-09-08,37.438003,126.951287,LINK002,N043,N017,경기도 안양시 안양로 272,2025-12-31
SAMPLE-00239,거북등 균열,2025-10-22,37.403396,126.900798,LINK023,N026,N080,경기도 안양시 시민대로 140,2025-12-31
SAMPLE-00240,횡방향 균열,2025-09-25,37.383968,126.934403,LINK012,N034,N006,경기도 안양시 만안로 101,2025-12-31
SAMPLE-00241,도로파임,2025-10-27,37.435522,126.978891,LINK034,N003,N014,경기도 안양시 시민대로 262,2025-12-31
SAMPLE-00242,포트홀,2025-10-21,37.402476,126.967419,LINK007,N017,N062,경기도 안양시 학의로 270,2025-12-31
SAMPLE-00243,포트홀,2025-12-14,37.393941,126.958047,LINK003,N071,N019,경기도 안양시 안양로 187,2025-12-31
SAMPLE-00244,거북등 균열,2025-04-09,37.429324,126.928523,LINK028,N043,N019,경기도 안양시 학의로 269,2025-12-31
SAMPLE-00245,종방향 균열,2025-06-13,37.405853,126.940727,LINK022,N032,N019,경기도 안양시 만안로 151,2025-12-31
SAMPLE-00246,횡방향 균열,2025-06-10,37.393537,126.957391,LINK004,N065,N027,경기도 안양시 경수대로 181,2025-12-31
SAMPLE-00247,거북등 균열,2025-02-10,37.420005,126.915052,LINK029,N010,N070,경기도 안양시 흥안대로 261,2025-12-31
SAMPLE-00248,도로파임,2025-01-07,37.41968,126.966659,LINK040,N058,N026,경기도 안양시 학의로 243,2025-12-31
SAMPLE-00249,포트홀,2025-10-10,37.382655,126.934014,LINK026,N051,N027,경기도 안양시 흥안대로 128,2025-12-31
SAMPLE-00250,도로파임,2025-09-06,37.362546,126.915534,LINK030,N017,N074,경기도 안양시 시민대로 107,2025-12-31
SAMPLE-00251,도로파임,2025-11-04,37.41942,126.927712,LINK013,N029,N058,경기도 안양시 안양로 37,2025-12-31
SAMPLE-00252,도로파임,2025-04-24,37.394196,126.958251,LINK004,N016,N070,경기도 안양시 안양로 17,2025-12-31
SAMPLE-00253,거북등 균열,2025-11-16,37.386776,126.90785,LINK010,N060,N036,경기도 안양시 안양로 34,2025-12-31
SAMPLE-00254,종방향 균열,2025-12-08,37.390004,126.97386,LINK025,N070,N049,경기도 안양시 안양로 49,2025-12-31
SAMPLE-00255,거북등 균열,2025-01-17,37.403541,126.923911,LINK034,N070,N026,경기도 안양시 시민대로 106,2025-12-31
SAMPLE-00256,포트홀,2025-07-15,37.381503,126.933778,LINK034,N040,N019,경기도 안양시 흥안대로 29,2025-12-31
SAMPLE-00257,거북등 균열,2025-06-14,37.414296,126.945291,LINK014,N064,N044,경기도 안양시 흥안대로 258,2025-12-31
SAMPLE-00258,횡방향 균열,2025-11-11,37.403922,126.923514,LINK030,N051,N062,경기도 안양시 학의로 234,2025-12-31
SAMPLE-00259,도로파임,2025-02-21,37.362921,126.949253,LINK035,N033,N064,경기도 안양시 안양로 175,2025-12-31
SAMPLE-00260,포트홀,2025-07-28,37.433549,126.975122,LINK007,N073,N074,경기도 안양시 경수대로 37,2025-12-31
SAMPLE-00261,횡방향 균열,2025-12-05,37.384232,126.933742,LINK033,N033,N005,경기도 안양시 흥안대로 269,2025-12-31
SAMPLE-00262,횡방향 균열,2025-10-05,37.373168,126.950552,LINK001,N019,N004,경기도 안양시 만안로 152,2025-12-31
SAMPLE-00263,거북등 균열,2025-05-16,37.391937,126.929207,LINK010,N005,N070,경기도 안양시 경수대로 35,2025-12-31
SAMPLE-00264,포트홀,2025-09-23,37.404416,126.924302,LINK019,N018,N017,경기도 안양시 흥안대로 182,2025-12-31
SAMPLE-00265,포트홀,2025-07-21,37.415755,126.9155,LINK012,N042,N070,경기도 안양시 경수대로 104,2025-12-31
SAMPLE-00266,종방향 균열,2025-06-26,37.380142,126.938655,LINK015,N076,N053,경기도 안양시 흥안대로 73,2025-12-31
SAMPLE-00267,거북등 균열,2025-10-17,37.402755,126.924118,LINK014,N049,N057,경기도 안양시 만안로 181,2025-12-31
SAMPLE-00268,거북등 균열,2025-08-01,37.395613,126.908001,LINK021,N025,N080,경기도 안양시 시민대로 98,2025-12-31
SAMPLE-00269,포트홀,2025-07-18,37.412981,126.967027,LINK017,N006,N070,경기도 안양시 경수대로 42,2025-12-31
SAMPLE-00270,종방향 균열,2025-10-17,37.383236,126.933984,LINK038,N066,N034,경기도 안양시 경수대로 191,2025-12-31
SAMPLE-00271,종방향 균열,2025-10-09,37.426102,126.903606,LINK016,N078,N045,경기도 안양시 경수대로 88,2025-12-31
SAMPLE-00272,포트홀,2025-06-09,37.394541,126.91669,LINK007,N026,N020,경기도 안양시 흥안대로 48,2025-12-31
SAMPLE-00273,거북등 균열,2025-11-15,37.402888,126.922558,LINK013,N067,N061,경기도 안양시 학의로 198,2025-12-31
SAMPLE-00274,거북등 균열,2025-01-18,37.382224,126.912146,LINK018,N034,N048,경기도 안양시 관악대로 244,2025-12-31
SAMPLE-00275,도로파임,2025-06-14,37.417236,126.941244,LINK014,N072,N060,경기도 안양시 시민대로 60,2025-12-31
SAMPLE-00276,도로파임,2025-04-25,37.395055,126.955741,LINK020,N049,N076,경기도 안양시 만안로 7,2025-12-31
SAMPLE-00277,종방향 균열,2025-09-21,37.415315,126.936434,LINK013,N020,N054,경기도 안양시 흥안대로 244,2025-12-31
SAMPLE-00278,거북등 균열,2025-04-19,37.403759,126.948288,LINK004,N041,N036,경기도 안양시 학의로 280,2025-12-31
SAMPLE-00279,포트홀,2025-02-27,37.392891,126.957196,LINK030,N021,N001,경기도 안양시 관악대로 178,2025-12-31
SAMPLE-00280,거북등 균열,2025-09-04,37.38344,126.955811,LINK012,N076,N052,경기도 안양시 학의로 112,2025-12-31
SAMPLE-00281,종방향 균열,2025-07-07,37.373679,126.95615,LINK015,N029,N049,경기도 안양시 시민대로 256,2025-12-31
SAMPLE-00282,포트홀,2025-04-09,37.393666,126.956456,LINK035,N025,N026,경기도 안양시 시민대로 208,2025-12-31
SAMPLE-00283,도로파임,2025-11-27,37.413415,126.905844,LINK014,N013,N064,경기도 안양시 시민대로 238,2025-12-31
SAMPLE-00284,도로파임,2025-06-16,37.361447,126.96795,LINK002,N023,N026,경기도 안양시 관악대로 62,2025-12-31
SAMPLE-00285,거북등 균열,2025-04-26,37.383007,126.936403,LINK037,N013,N051,경기도 안양시 만안로 117,2025-12-31
SAMPLE-00286,종방향 균열,2025-07-22,37.376247,126.906445,LINK040,N043,N039,경기도 안양시 시민대로 145,2025-12-31
SAMPLE-00287,포트홀,2025-09-08,37.401197,126.908798,LINK028,N066,N048,경기도 안양시 경수대로 234,2025-12-31
SAMPLE-00288,횡방향 균열,2025-02-10,37.384351,126.93647,LINK031,N049,N064,경기도 안양시 안양로 49,2025-12-31
SAMPLE-00289,횡방향 균열,2025-02-05,37.43787,126.901755,LINK039,N038,N026,경기도 안양시 관악대로 11,2025-12-31
SAMPLE-00290,도로파임,2025-09-16,37.366236,126.917789,LINK040,N004,N045,경기도 안양시 흥안대로 258,2025-12-31
SAMPLE-00291,포트홀,2025-01-04,37.382469,126.93487,LINK016,N025,N053,경기도 안양시 경수대로 233,2025-12-31
SAMPLE-00292,포트홀,2025-02-24,37.397416,126.906062,LINK013,N037,N010,경기도 안양시 경수대로 32,2025-12-31
SAMPLE-00293,포트홀,2025-10-16,37.371336,126.976054,LINK034,N078,N027,경기도 안양시 관악대로 101,2025-12-31
SAMPLE-00294,횡방향 균열,2025-04-20,37.384143,126.934325,LINK010,N030,N037,경기도 안양시 시민대로 189,2025-12-31
SAMPLE-00295,도로파임,2025-08-20,37.399056,126.960548,LINK037,N014,N051,경기도 안양시 흥안대로 96,2025-12-31
SAMPLE-00296,거북등 균열,2025-06-17,37.369398,126.925867,LINK034,N057,N041,경기도 안양시 관악대로 155,2025-12-31
SAMPLE-00297,종방향 균열,2025-03-14,37.383053,126.934605,LINK033,N080,N001,경기도 안양시 안양로 149,2025-12-31
SAMPLE-00298,횡방향 균열,2025-02-04,37.42406,126.891594,LINK035,N019,N010,경기도 안양시 흥안대로 234,2025-12-31
SAMPLE-00299,횡방향 균열,2025-09-11,37.361465,126.908056,LINK006,N040,N075,경기도 안양시 학의로 72,2025-12-31
SAMPLE-00300,포트홀,2025-06-10,37.382739,126.935917,LINK018,N078,N054,경기도 안양시 학의로 255,2025-12-31
SAMPLE-00301,횡방향 균열,2025-08-26,37.360614,126.93873,LINK020,N075,N015,경기도 안양시 경수대로 283,2025-12-31
SAMPLE-00302,종방향 균열,2025-01-05,37.387694,126.95187,LINK019,N018,N046,경기도 안양시 시민대로 246,2025-12-31
SAMPLE-00303,거북등 균열,2025-04-28,37.404114,126.923962,LINK036,N058,N009,경기도 안양시 경수대로 179,2025-12-31
SAMPLE-00304,도로파임,2025-02-08,37.423787,126.903415,LINK020,N017,N067,경기도 안양시 관악대로 267,2025-12-31
SAMPLE-00305,도로파임,2025-04-02,37.427494,126.893161,LINK002,N054,N008,경기도 안양시 흥안대로 114,2025-12-31
SAMPLE-00306,종방향 균열,2025-01-21,37.382877,126.934543,LINK019,N066,N022,경기도 안양시 흥안대로 205,2025-12-31
SAMPLE-00307,포트홀,2025-04-28,37.397013,126.979762,LINK015,N057,N059,경기도 안양시 만안로 113,2025-12-31
SAMPLE-00308,도로파임,2025-02-23,37.419014,126.977178,LINK029,N044,N009,경기도 안양시 경수대로 242,2025-12-31
SAMPLE-00309,거북등 균열,2025-03-27,37.402405,126.924441,LINK038,N017,N044,경기도 안양시 경수대로 12,2025-12-31
SAMPLE-00310,횡방향 균열,2025-01-16,37.430354,126.90925,LINK020,N007,N078,경기도 안양시 경수대로 39,2025-12-31
SAMPLE-00311,거북등 균열,2025-07-11,37.374284,126.93325,LINK003,N029,N050,경기도 안양시 흥안대로 161,2025-12-31
SAMPLE-00312,포트홀,2025-08-18,37.381921,126.934106,LINK023,N062,N077,경기도 안양시 만안로 47,2025-12-31
SAMPLE-00313,도로파임,2025-01-07,37.370277,126.964679,LINK024,N058,N009,경기도 안양시 만안로 239,2025-12-31
SAMPLE-00314,거북등 균열,2025-02-17,37.420493,126.961797,LINK020,N080,N035,경기도 안양시 흥안대로 260,2025-12-31
SAMPLE-00315,도로파임,2025-01-22,37.402495,126.922206,LINK025,N013,N023,경기도 안양시 만안로 107,2025-12-31
SAMPLE-00316,횡방향 균열,2025-02-02,37.420102,126.969518,LINK022,N006,N074,경기도 안양시 안양로 18,2025-12-31
SAMPLE-00317,횡방향 균열,2025-01-05,37.430459,126.907771,LINK025,N021,N064,경기도 안양시 안양로 198,2025-12-31
SAMPLE-00318,거북등 균열,2025-05-13,37.402138,126.923963,LINK013,N077,N004,경기도 안양시 안양로 245,2025-12-31
SAMPLE-00319,거북등 균열,2025-05-17,37.388813,126.914914,LINK018,N074,N047,경기도 안양시 흥안대로 231,2025-12-31
SAMPLE-00320,종방향 균열,2025-09-17,37.439068,126.915856,LINK035,N064,N015,경기도 안양시 만안로 170,2025-12-31
SAMPLE-00321,거북등 균열,2025-02-10,37.402713,126.92349,LINK002,N013,N056,경기도 안양시 안양로 286,2025-12-31
SAMPLE-00322,포트홀,2025-09-13,37.40118,126.903163,LINK010,N041,N034,경기도 안양시 시민대로 25,2025-12-31
SAMPLE-00323,포트홀,2025-08-17,37.360668,126.929831,LINK018,N044,N001,경기도 안양시 시민대로 42,2025-12-31
SAMPLE-00324,종방향 균열,2025-08-18,37.394031,126.955831,LINK002,N080,N035,경기도 안양시 시민대로 292,2025-12-31
SAMPLE-00325,포트홀,2025-08-17,37.373668,126.896432,LINK033,N067,N008,경기도 안양시 학의로 159,2025-12-31
SAMPLE-00326,도로파임,2025-10-06,37.370209,126.917252,LINK002,N013,N056,경기도 안양시 시민대로 51,2025-12-31
SAMPLE-00327,거북등 균열,2025-05-22,37.393713,126.956683,LINK027,N077,N047,경기도 안양시 만안로 217,2025-12-31
SAMPLE-00328,횡방향 균열,2025-09-27,37.368733,126.978603,LINK022,N071,N024,경기도 안양시 시민대로 207,2025-12-31
SAMPLE-00329,포트홀,2025-05-01,37.425263,126.972421,LINK001,N072,N022,경기도 안양시 관악대로 104,2025-12-31
SAMPLE-00330,종방향 균열,2025-05-11,37.383396,126.93411,LINK040,N018,N004,경기도 안양시 시민대로 193,2025-12-31
SAMPLE-00331,종방향 균열,2025-02-13,37.428125,126.967974,LINK032,N065,N017,경기도 안양시 흥안대로 181,2025-12-31
SAMPLE-00332,종방향 균열,2025-08-24,37.405837,126.962969,LINK038,N042,N002,경기도 안양시 경수대로 80,2025-12-31
SAMPLE-00333,포트홀,2025-07-01,37.393045,126.955541,LINK023,N036,N064,경기도 안양시 만안로 274,2025-12-31
SAMPLE-00334,거북등 균열,2025-06-15,37.400826,126.973458,LINK022,N073,N037,경기도 안양시 시민대로 196,2025-12-31
SAMPLE-00335,횡방향 균열,2025-04-24,37.38281,126.932597,LINK014,N073,N038,경기도 안양시 학의로 287,2025-12-31
SAMPLE-00336,거북등 균열,2025-09-03,37.394157,126.955611,LINK027,N024,N008,경기도 안양시 흥안대로 203,2025-12-31
SAMPLE-00337,횡방향 균열,2025-12-04,37.367824,126.892826,LINK010,N017,N016,경기도 안양시 관악대로 271,2025-12-31
SAMPLE-00338,종방향 균열,2025-12-12,37.376657,126.976834,LINK036,N042,N027,경기도 안양시 안양로 15,2025-12-31
SAMPLE-00339,포트홀,2025-02-02,37.394659,126.957462,LINK019,N062,N016,경기도 안양시 학의로 41,2025-12-31
SAMPLE-00340,포트홀,2025-06-06,37.384643,126.976136,LINK025,N077,N007,경기도 안양시 학의로 273,2025-12-31
SAMPLE-00341,거북등 균열,2025-07-14,37.421609,126.915244,LINK006,N014,N060,경기도 안양시 경수대로 44,2025-12-31
SAMPLE-00342,포트홀,2025-10-25,37.394968,126.956141,LINK036,N057,N079,경기도 안양시 학의로 31,2025-12-31
SAMPLE-00343,포트홀,2025-01-18,37.370333,126.963014,LINK023,N029,N072,경기도 안양시 경수대로 22,2025-12-31
SAMPLE-00344,거북등 균열,2025-04-17,37.413495,126.91315,LINK040,N034,N027,경기도 안양시 관악대로 133,2025-12-31
SAMPLE-00345,종방향 균열,2025-08-21,37.394826,126.956918,LINK028,N003,N072,경기도 안양시 경수대로 73,2025-12-31
SAMPLE-00346,횡방향 균열,2025-03-26,37.363621,126.895396,LINK004,N051,N042,경기도 안양시 시민대로 196,2025-12-31
SAMPLE-00347,횡방향 균열,2025-08-16,37.373363,126.96166,LINK032,N063,N022,경기도 안양시 만안로 204,2025-12-31
SAMPLE-00348,도로파임,2025-11-26,37.38425,126.93361,LINK031,N067,N021,경기도 안양시 경수대로 68,2025-12-31
SAMPLE-00349,포트홀,2025-05-08,37.401592,126.925788,LINK030,N016,N008,경기도 안양시 안양로 95,2025-12-31
SAMPLE-00350,종방향 균열,2025-09-19,37.414901,126.949029,LINK003,N052,N018,경기도 안양시 안양로 255,2025-12-31
SAMPLE-00351,포트홀,2025-10-09,37.382991,126.935144,LINK022,N054,N055,경기도 안양시 경수대로 274,2025-12-31
SAMPLE-00352,횡방향 균열,2025-09-06,37.403859,126.89309,LINK029,N055,N025,경기도 안양시 관악대로 37,2025-12-31
SAMPLE-00353,거북등 균열,2025-08-16,37.42039,126.950667,LINK028,N058,N037,경기도 안양시 관악대로 33,2025-12-31
SAMPLE-00354,도로파임,2025-06-19,37.382967,126.934995,LINK009,N065,N050,경기도 안양시 관악대로 4,2025-12-31
SAMPLE-00355,포트홀,2025-09-03,37.373841,126.93319,LINK023,N067,N076,경기도 안양시 시민대로 10,2025-12-31
SAMPLE-00356,거북등 균열,2025-04-07,37.392176,126.918629,LINK035,N078,N002,경기도 안양시 경수대로 255,2025-12-31
SAMPLE-00357,횡방향 균열,2025-12-14,37.393821,126.956396,LINK003,N023,N054,경기도 안양시 흥안대로 207,2025-12-31
SAMPLE-00358,포트홀,2025-02-28,37.410403,126.970524,LINK009,N075,N037,경기도 안양시 안양로 44,2025-12-31
SAMPLE-00359,종방향 균열,2025-12-25,37.415519,126.926368,LINK027,N047,N015,경기도 안양시 안양로 32,2025-12-31
SAMPLE-00360,종방향 균열,2025-11-10,37.393494,126.958157,LINK006,N070,N009,경기도 안양시 경수대로 273,2025-12-31
SAMPLE-00361,포트홀,2025-10-02,37.382161,126.917164,LINK034,N079,N003,경기도 안양시 관악대로 11,2025-12-31
SAMPLE-00362,포트홀,2025-11-11,37.432889,126.938161,LINK025,N009,N075,경기도 안양시 시민대로 109,2025-12-31
SAMPLE-00363,도로파임,2025-02-03,37.403296,126.921957,LINK002,N071,N062,경기도 안양시 흥안대로 136,2025-12-31
SAMPLE-00364,횡방향 균열,2025-10-03,37.409621,126.94183,LINK020,N056,N062,경기도 안양시 시민대로 113,2025-12-31
SAMPLE-00365,포트홀,2025-06-08,37.432744,126.972212,LINK021,N014,N008,경기도 안양시 경수대로 153,2025-12-31
SAMPLE-00366,도로파임,2025-03-04,37.383778,126.933676,LINK030,N023,N073,경기도 안양시 시민대로 160,2025-12-31
SAMPLE-00367,횡방향 균열,2025-05-19,37.42732,126.948018,LINK038,N064,N056,경기도 안양시 안양로 185,2025-12-31
SAMPLE-00368,종방향 균열,2025-11-05,37.412698,126.968383,LINK005,N059,N013,경기도 안양시 관악대로 118,2025-12-31
SAMPLE-00369,포트홀,2025-04-14,37.401887,126.922148,LINK006,N013,N028,경기도 안양시 안양로 267,2025-12-31
SAMPLE-00370,도로파임,2025-06-12,37.391362,126.893436,LINK002,N022,N009,경기도 안양시 관악대로 138,2025-12-31
SAMPLE-00371,도로파임,2025-12-27,37.385149,126.89706,LINK016,N015,N054,경기도 안양시 학의로 129,2025-12-31
SAMPLE-00372,거북등 균열,2025-09-13,37.382593,126.935448,LINK034,N067,N077,경기도 안양시 만안로 281,2025-12-31
SAMPLE-00373,횡방향 균열,2025-05-25,37.391852,126.92831,LINK023,N071,N065,경기도 안양시 경수대로 174,2025-12-31
SAMPLE-00374,거북등 균열,2025-08-06,37.376785,126.945152,LINK021,N073,N058,경기도 안양시 시민대로 201,2025-12-31
SAMPLE-00375,종방향 균열,2025-12-10,37.403443,126.923286,LINK027,N027,N014,경기도 안양시 만안로 106,2025-12-31
SAMPLE-00376,종방향 균열,2025-11-18,37.424798,126.972428,LINK013,N066,N031,경기도 안양시 경수대로 78,2025-12-31
SAMPLE-00377,도로파임,2025-10-04,37.436383,126.923277,LINK024,N073,N007,경기도 안양시 학의로 145,2025-12-31
SAMPLE-00378,횡방향 균열,2025-04-06,37.395308,126.957279,LINK008,N055,N011,경기도 안양시 안양로 158,2025-12-31
SAMPLE-00379,거북등 균열,2025-03-03,37.421797,126.955554,LINK029,N032,N076,경기도 안양시 만안로 207,2025-12-31
SAMPLE-00380,포트홀,2025-09-19,37.366484,126.9218,LINK007,N013,N038,경기도 안양시 만안로 121,2025-12-31
SAMPLE-00381,도로파임,2025-02-02,37.395701,126.957696,LINK010,N065,N070,경기도 안양시 시민대로 83,2025-12-31
SAMPLE-00382,도로파임,2025-07-06,37.392315,126.9692,LINK037,N043,N021,경기도 안양시 안양로 84,2025-12-31
SAMPLE-00383,종방향 균열,2025-10-15,37.417167,126.972674,LINK028,N018,N069,경기도 안양시 관악대로 134,2025-12-31
SAMPLE-00384,도로파임,2025-04-14,37.402645,126.923435,LINK008,N027,N042,경기도 안양시 관악대로 254,2025-12-31
SAMPLE-00385,종방향 균열,2025-09-16,37.375065,126.977749,LINK028,N030,N076,경기도 안양시 경수대로 287,2025-12-31
SAMPLE-00386,도로파임,2025-02-05,37.361417,126.952214,LINK027,N051,N080,경기도 안양시 학의로 106,2025-12-31
SAMPLE-00387,횡방향 균열,2025-10-12,37.393314,126.955856,LINK014,N079,N068,경기도 안양시 시민대로 211,2025-12-31
SAMPLE-00388,종방향 균열,2025-02-12,37.397111,126.974557,LINK024,N034,N006,경기도 안양시 안양로 48,2025-12-31
SAMPLE-00389,종방향 균열,2025-02-03,37.369487,126.903931,LINK006,N052,N054,경기도 안양시 학의로 190,2025-12-31
SAMPLE-00390,거북등 균열,2025-08-10,37.401755,126.922232,LINK029,N011,N033,경기도 안양시 만안로 129,2025-12-31
SAMPLE-00391,횡방향 균열,2025-09-19,37.398578,126.946183,LINK029,N017,N005,경기도 안양시 경수대로 61,2025-12-31
SAMPLE-00392,포트홀,2025-12-24,37.385104,126.931757,LINK027,N073,N010,경기도 안양시 관악대로 83,2025-12-31
SAMPLE-00393,횡방향 균열,2025-01-24,37.39438,126.957101,LINK018,N032,N036,경기도 안양시 만안로 119,2025-12-31
SAMPLE-00394,도로파임,2025-09-21,37.388364,126.894906,LINK011,N002,N075,경기도 안양시 안양로 277,2025-12-31
SAMPLE-00395,종방향 균열,2025-03-13,37.426326,126.936568,LINK026,N002,N078,경기도 안양시 흥안대로 255,2025-12-31
SAMPLE-00396,종방향 균열,2025-01-22,37.394139,126.95595,LINK024,N063,N003,경기도 안양시 흥안대로 129,2025-12-31
SAMPLE-00397,횡방향 균열,2025-10-03,37.391519,126.948557,LINK038,N062,N042,경기도 안양시 만안로 52,2025-12-31
SAMPLE-00398,거북등 균열,2025-12-19,37.417701,126.934882,LINK032,N068,N018,경기도 안양시 안양로 132,2025-12-31
SAMPLE-00399,횡방향 균열,2025-01-13,37.383441,126.9342,LINK020,N067,N078,경기도 안양시 시민대로 6,2025-12-31
SAMPLE-00400,횡방향 균열,2025-07-24,37.41924,126.962614,LINK016,N060,N022,경기도 안양시 학의로 273,2025-12-31
SAMPLE-00401,종방향 균열,2025-01-17,37.418073,126.953255,LINK008,N049,N017,경기도 안양시 관악대로 277,2025-12-31
SAMPLE-00402,종방향 균열,2025-12-01,37.381546,126.935736,LINK024,N037,N023,경기도 안양시 경수대로 283,2025-12-31
SAMPLE-00403,도로파임,2025-10-06,37.381903,126.939314,LINK036,N066,N035,경기도 안양시 학의로 39,2025-12-31
SAMPLE-00404,도로파임,2025-09-22,37.401844,126.942278,LINK004,N047,N016,경기도 안양시 경수대로 265,2025-12-31
SAMPLE-00405,종방향 균열,2025-04-16,37.393015,126.957917,LINK036,N033,N067,경기도 안양시 시민대로 30,2025-12-31
SAMPLE-00406,횡방향 균열,2025-11-27,37.416417,126.912134,LINK011,N064,N012,경기도 안양시 학의로 83,2025-12-31
SAMPLE-00407,거북등 균열,2025-06-14,37.393039,126.947802,LINK019,N064,N031,경기도 안양시 안양로 134,2025-12-31
SAMPLE-00408,종방향 균열,2025-02-05,37.393749,126.95826,LINK001,N013,N053,경기도 안양시 흥안대로 143,2025-12-31
SAMPLE-00409,포트홀,2025-11-18,37.380231,126.891693,LINK015,N014,N026,경기도 안양시 만안로 231,2025-12-31
SAMPLE-00410,포트홀,2025-01-17,37.439855,126.931107,LINK002,N028,N041,경기도 안양시 시민대로 107,2025-12-31
SAMPLE-00411,횡방향 균열,2025-08-27,37.403048,126.92179,LINK006,N030,N040,경기도 안양시 흥안대로 272,2025-12-31
SAMPLE-00412,횡방향 균열,2025-08-26,37.414904,126.927399,LINK036,N077,N036,경기도 안양시 학의로 49,2025-12-31
SAMPLE-00413,종방향 균열,2025-05-15,37.378385,126.922297,LINK024,N032,N004,경기도 안양시 학의로 38,2025-12-31
SAMPLE-00414,거북등 균열,2025-07-01,37.403578,126.924127,LINK027,N050,N047,경기도 안양시 학의로 283,2025-12-31
SAMPLE-00415,포트홀,2025-06-28,37.41328,126.937298,LINK039,N023,N038,경기도 안양시 학의로 295,2025-12-31
SAMPLE-00416,도로파임,2025-09-24,37.372242,126.912096,LINK006,N023,N064,경기도 안양시 흥안대로 176,2025-12-31
SAMPLE-00417,거북등 균열,2025-05-16,37.402329,126.924169,LINK033,N040,N064,경기도 안양시 흥안대로 76,2025-12-31
SAMPLE-00418,포트홀,2025-01-16,37.414275,126.965864,LINK022,N048,N028,경기도 안양시 안양로 7,2025-12-31
SAMPLE-00419,포트홀,2025-11-01,37.408372,126.899799,LINK029,N034,N069,경기도 안양시 경수대로 156,2025-12-31
SAMPLE-00420,종방향 균열,2025-09-21,37.382229,126.934268,LINK025,N069,N019,경기도 안양시 학의로 242,2025-12-31
SAMPLE-00421,거북등 균열,2025-11-08,37.405626,126.941392,LINK015,N019,N031,경기도 안양시 안양로 236,2025-12-31
SAMPLE-00422,종방향 균열,2025-07-06,37.401275,126.948458,LINK036,N065,N074,경기도 안양시 만안로 278,2025-12-31
SAMPLE-00423,포트홀,2025-11-08,37.395091,126.956888,LINK027,N044,N011,경기도 안양시 학의로 84,2025-12-31
SAMPLE-00424,횡방향 균열,2025-04-17,37.429324,126.968143,LINK004,N061,N002,경기도 안양시 관악대로 177,2025-12-31
SAMPLE-00425,거북등 균열,2025-05-26,37.394221,126.934269,LINK025,N029,N043,경기도 안양시 흥안대로 26,2025-12-31
SAMPLE-00426,포트홀,2025-05-05,37.382563,126.93476,LINK019,N075,N076,경기도 안양시 안양로 254,2025-12-31
SAMPLE-00427,포트홀,2025-06-03,37.388502,126.916956,LINK035,N057,N013,경기도 안양시 만안로 20,2025-12-31
SAMPLE-00428,거북등 균열,2025-05-21,37.419636,126.94565,LINK007,N035,N034,경기도 안양시 흥안대로 126,2025-12-31
SAMPLE-00429,포트홀,2025-09-16,37.40381,126.924313,LINK037,N048,N074,경기도 안양시 관악대로 24,2025-12-31
SAMPLE-00430,종방향 균열,2025-11-28,37.382008,126.953117,LINK029,N073,N077,경기도 안양시 흥안대로 272,2025-12-31
SAMPLE-00431,종방향 균열,2025-08-10,37.400623,126.975061,LINK024,N074,N023,경기도 안양시 학의로 173,2025-12-31
SAMPLE-00432,포트홀,2025-04-05,37.381628,126.93476,LINK025,N062,N032,경기도 안양시 만안로 3,2025-12-31
SAMPLE-00433,포트홀,2025-08-04,37.378176,126.962546,LINK006,N058,N006,경기도 안양시 흥안대로 116,2025-12-31
SAMPLE-00434,도로파임,2025-05-04,37.386727,126.915016,LINK033,N012,N069,경기도 안양시 학의로 80,2025-12-31
SAMPLE-00435,도로파임,2025-09-21,37.395519,126.956617,LINK020,N058,N074,경기도 안양시 안양로 292,2025-12-31
SAMPLE-00436,포트홀,2025-05-03,37.434487,126.894073,LINK003,N019,N036,경기도 안양시 안양로 291,2025-12-31
SAMPLE-00437,횡방향 균열,2025-12-16,37.376502,126.950982,LINK031,N018,N055,경기도 안양시 학의로 75,2025-12-31
SAMPLE-00438,거북등 균열,2025-09-16,37.393829,126.958083,LINK030,N011,N021,경기도 안양시 관악대로 4,2025-12-31
SAMPLE-00439,도로파임,2025-06-09,37.374819,126.935764,LINK009,N025,N011,경기도 안양시 흥안대로 112,2025-12-31
SAMPLE-00440,거북등 균열,2025-07-15,37.424812,126.910141,LINK023,N039,N009,경기도 안양시 관악대로 90,2025-12-31
SAMPLE-00441,거북등 균열,2025-04-22,37.395579,126.957424,LINK037,N014,N011,경기도 안양시 만안로 227,2025-12-31
SAMPLE-00442,종방향 균열,2025-02-07,37.413591,126.905797,LINK023,N046,N024,경기도 안양시 경수대로 87,2025-12-31
SAMPLE-00443,횡방향 균열,2025-08-18,37.412524,126.922132,LINK035,N024,N015,경기도 안양시 안양로 95,2025-12-31
SAMPLE-00444,거북등 균열,2025-12-23,37.402013,126.921934,LINK021,N066,N007,경기도 안양시 학의로 281,2025-12-31
SAMPLE-00445,포트홀,2025-01-17,37.412996,126.978155,LINK026,N078,N065,경기도 안양시 경수대로 123,2025-12-31
SAMPLE-00446,포트홀,2025-03-27,37.4075,126.938912,LINK013,N010,N015,경기도 안양시 안양로 223,2025-12-31
SAMPLE-00447,거북등 균열,2025-12-21,37.382225,126.935823,LINK039,N040,N038,경기도 안양시 경수대로 134,2025-12-31
SAMPLE-00448,거북등 균열,2025-12-12,37.364114,126.956882,LINK001,N041,N043,경기도 안양시 만안로 160,2025-12-31
SAMPLE-00449,횡방향 균열,2025-08-22,37.39516,126.907906,LINK007,N052,N075,경기도 안양시 시민대로 116,2025-12-31
SAMPLE-00450,포트홀,2025-04-18,37.382613,126.934634,LINK033,N074,N060,경기도 안양시 시민대로 280,2025-12-31
SAMPLE-00451,종방향 균열,2025-07-06,37.387559,126.906473,LINK033,N039,N038,경기도 안양시 학의로 258,2025-12-31
SAMPLE-00452,종방향 균열,2025-01-22,37.405197,126.896321,LINK008,N005,N010,경기도 안양시 관악대로 83,2025-12-31
SAMPLE-00453,포트홀,2025-08-08,37.401517,126.922378,LINK003,N048,N076,경기도 안양시 학의로 24,2025-12-31
SAMPLE-00454,포트홀,2025-09-13,37.409626,126.90278,LINK023,N071,N038,경기도 안양시 학의로 73,2025-12-31
SAMPLE-00455,횡방향 균열,2025-11-11,37.418773,126.932943,LINK039,N063,N076,경기도 안양시 안양로 204,2025-12-31
SAMPLE-00456,도로파임,2025-01-03,37.403928,126.922128,LINK019,N023,N066,경기도 안양시 경수대로 82,2025-12-31
SAMPLE-00457,종방향 균열,2025-08-08,37.38997,126.900926,LINK026,N012,N006,경기도 안양시 학의로 89,2025-12-31
SAMPLE-00458,포트홀,2025-03-22,37.368925,126.891951,LINK031,N039,N048,경기도 안양시 만안로 101,2025-12-31
SAMPLE-00459,거북등 균열,2025-03-15,37.393841,126.957729,LINK009,N041,N004,경기도 안양시 시민대로 250,2025-12-31
SAMPLE-00460,횡방향 균열,2025-09-03,37.385759,126.943994,LINK036,N063,N068,경기도 안양시 시민대로 97,2025-12-31
SAMPLE-00461,종방향 균열,2025-07-22,37.420524,126.891544,LINK014,N080,N003,경기도 안양시 만안로 80,2025-12-31
SAMPLE-00462,종방향 균열,2025-08-13,37.38172,126.935222,LINK009,N049,N009,경기도 안양시 만안로 47,2025-12-31
SAMPLE-00463,도로파임,2025-01-24,37.402602,126.915004,LINK003,N064,N055,경기도 안양시 안양로 41,2025-12-31
SAMPLE-00464,거북등 균열,2025-03-16,37.437031,126.923682,LINK005,N008,N030,경기도 안양시 학의로 268,2025-12-31
SAMPLE-00465,포트홀,2025-11-10,37.4028,126.922864,LINK038,N049,N038,경기도 안양시 만안로 49,2025-12-31
SAMPLE-00466,종방향 균열,2025-02-20,37.391186,126.938549,LINK014,N072,N015,경기도 안양시 안양로 252,2025-12-31
SAMPLE-00467,포트홀,2025-11-10,37.411878,126.959517,LINK009,N027,N027,경기도 안양시 시민대로 133,2025-12-31
SAMPLE-00468,종방향 균열,2025-12-28,37.384277,126.934485,LINK003,N076,N025,경기도 안양시 학의로 298,2025-12-31
SAMPLE-00469,거북등 균열,2025-01-01,37.382568,126.907073,LINK018,N036,N022,경기도 안양시 학의로 67,2025-12-31
SAMPLE-00470,포트홀,2025-09-19,37.384972,126.965786,LINK019,N080,N064,경기도 안양시 흥안대로 121,2025-12-31
SAMPLE-00471,종방향 균열,2025-07-02,37.403311,126.923695,LINK031,N006,N040,경기도 안양시 관악대로 77,2025-12-31
SAMPLE-00472,거북등 균열,2025-05-05,37.388652,126.958613,LINK027,N038,N029,경기도 안양시 시민대로 77,2025-12-31
SAMPLE-00473,거북등 균열,2025-10-08,37.400176,126.951002,LINK032,N039,N010,경기도 안양시 학의로 113,2025-12-31
SAMPLE-00474,도로파임,2025-06-15,37.401869,126.924208,LINK031,N016,N030,경기도 안양시 만안로 245,2025-12-31
SAMPLE-00475,종방향 균열,2025-08-18,37.407135,126.912444,LINK033,N004,N080,경기도 안양시 시민대로 213,2025-12-31
SAMPLE-00476,도로파임,2025-11-11,37.422163,126.933536,LINK005,N032,N060,경기도 안양시 학의로 61,2025-12-31
SAMPLE-00477,도로파임,2025-03-28,37.402877,126.922814,LINK026,N032,N065,경기도 안양시 경수대로 196,2025-12-31
SAMPLE-00478,거북등 균열,2025-06-23,37.379809,126.896086,LINK012,N069,N003,경기도 안양시 관악대로 83,2025-12-31
SAMPLE-00479,종방향 균열,2025-09-19,37.412724,126.944864,LINK015,N058,N072,경기도 안양시 학의로 108,2025-12-31
SAMPLE-00480,횡방향 균열,2025-01-01,37.382769,126.934753,LINK016,N059,N030,경기도 안양시 시민대로 23,2025-12-31
SAMPLE-00481,포트홀,2025-08-03,37.409297,126.922272,LINK037,N001,N063,경기도 안양시 경수대로 104,2025-12-31
SAMPLE-00482,포트홀,2025-05-25,37.434501,126.950825,LINK033,N018,N020,경기도 안양시 흥안대로 192,2025-12-31
SAMPLE-00483,포트홀,2025-12-03,37.395763,126.955425,LINK010,N061,N010,경기도 안양시 만안로 7,2025-12-31
SAMPLE-00484,도로파임,2025-03-09,37.437663,126.917459,LINK033,N021,N066,경기도 안양시 흥안대로 31,2025-12-31
SAMPLE-00485,포트홀,2025-12-09,37.385615,126.90165,LINK027,N041,N011,경기도 안양시 안양로 134,2025-12-31
SAMPLE-00486,포트홀,2025-03-05,37.395413,126.956949,LINK020,N010,N009,경기도 안양시 만안로 125,2025-12-31
SAMPLE-00487,포트홀,2025-11-06,37.427414,126.97958,LINK023,N038,N025,경기도 안양시 흥안대로 120,2025-12-31
SAMPLE-00488,포트홀,2025-05-13,37.399649,126.935228,LINK011,N063,N011,경기도 안양시 학의로 293,2025-12-31
SAMPLE-00489,포트홀,2025-08-23,37.403538,126.921793,LINK017,N011,N069,경기도 안양시 학의로 269,2025-12-31
SAMPLE-00490,거북등 균열,2025-06-06,37.380847,126.9524,LINK009,N012,N001,경기도 안양시 안양로 110,2025-12-31
SAMPLE-00491,횡방향 균열,2025-12-11,37.43546,126.971521,LINK015,N032,N009,경기도 안양시 관악대로 230,2025-12-31
SAMPLE-00492,도로파임,2025-09-17,37.384479,126.93389,LINK039,N070,N038,경기도 안양시 안양로 15,2025-12-31
SAMPLE-00493,포트홀,2025-02-19,37.427862,126.954577,LINK039,N012,N073,경기도 안양시 안양로 87,2025-12-31
SAMPLE-00494,거북등 균열,2025-06-01,37.38779,126.903702,LINK037,N045,N060,경기도 안양시 만안로 255,2025-12-31
SAMPLE-00495,횡방향 균열,2025-08-24,37.384102,126.933616,LINK026,N042,N018,경기도 안양시 관악대로 286,2025-12-31
SAMPLE-00496,종방향 균열,2025-01-04,37.41918,126.931208,LINK006,N045,N009,경기도 안양시 시민대로 82,2025-12-31
SAMPLE-00497,거북등 균열,2025-03-24,37.407156,126.922182,LINK027,N078,N036,경기도 안양시 시민대로 77,2025-12-31
SAMPLE-00498,도로파임,2025-09-10,37.395547,126.95755,LINK010,N002,N021,경기도 안양시 학의로 77,2025-12-31
SAMPLE-00499,포트홀,2025-11-02,37.414311,126.9177,LINK014,N054,N015,경기도 안양시 경수대로 169,2025-12-31
SAMPLE-00500,포트홀,2025-10-08,37.414251,126.891966,LINK026,N021,N001,경기도 안양시 흥안대로 26,2025-12-31
SAMPLE-00501,거북등 균열,2025-07-16,37.384265,126.934581,LINK005,N069,N006,경기도 안양시 학의로 141,2025-12-31
SAMPLE-00502,도로파임,2025-06-17,37.428992,126.934087,LINK026,N065,N050,경기도 안양시 경수대로 277,2025-12-31
SAMPLE-00503,거북등 균열,2025-05-28,37.374805,126.974568,LINK014,N066,N067,경기도 안양시 경수대로 247,2025-12-31
SAMPLE-00504,포트홀,2025-06-13,37.395643,126.957702,LINK004,N080,N037,경기도 안양시 학의로 244,2025-12-31
SAMPLE-00505,종방향 균열,2025-01-14,37.426593,126.978297,LINK017,N040,N077,경기도 안양시 학의로 232,2025-12-31
SAMPLE-00506,포트홀,2025-05-07,37.380528,126.890769,LINK001,N049,N041,경기도 안양시 시민대로 148,2025-12-31
SAMPLE-00507,포트홀,2025-09-18,37.393502,126.957691,LINK024,N017,N037,경기도 안양시 학의로 278,2025-12-31
SAMPLE-00508,포트홀,2025-02-13,37.388136,126.920988,LINK001,N017,N028,경기도 안양시 만안로 203,2025-12-31
SAMPLE-00509,도로파임,2025-09-26,37.39806,126.944574,LINK006,N058,N069,경기도 안양시 흥안대로 217,2025-12-31
SAMPLE-00510,포트홀,2025-11-10,37.382407,126.93554,LINK008,N070,N004,경기도 안양시 만안로 165,2025-12-31
SAMPLE-00511,거북등 균열,2025-01-20,37.428726,126.894473,LINK028,N033,N029,경기도 안양시 만안로 174,2025-12-31
SAMPLE-00512,포트홀,2025-10-25,37.400169,126.946733,LINK040,N047,N066,경기도 안양시 만안로 233,2025-12-31
SAMPLE-00513,도로파임,2025-05-18,37.382602,126.935186,LINK022,N031,N025,경기도 안양시 시민대로 199,2025-12-31
SAMPLE-00514,포트홀,2025-11-15,37.411445,126.943531,LINK002,N074,N046,경기도 안양시 만안로 150,2025-12-31
SAMPLE-00515,거북등 균열,2025-01-02,37.371009,126.91474,LINK029,N031,N049,경기도 안양시 시민대로 117,2025-12-31
SAMPLE-00516,종방향 균열,2025-09-04,37.383381,126.934385,LINK018,N057,N007,경기도 안양시 경수대로 9,2025-12-31
SAMPLE-00517,횡방향 균열,2025-06-04,37.379616,126.969283,LINK016,N019,N054,경기도 안양시 경수대로 16,2025-12-31
SAMPLE-00518,횡방향 균열,2025-01-27,37.431896,126.891112,LINK014,N024,N009,경기도 안양시 흥안대로 12,2025-12-31
SAMPLE-00519,도로파임,2025-07-27,37.392873,126.956222,LINK006,N024,N014,경기도 안양시 학의로 146,2025-12-31
SAMPLE-00520,포트홀,2025-01-22,37.378635,126.920601,LINK011,N079,N017,경기도 안양시 안양로 224,2025-12-31
SAMPLE-00521,종방향 균열,2025-12-03,37.437152,126.967198,LINK011,N040,N056,경기도 안양시 시민대로 76,2025-12-31
SAMPLE-00522,횡방향 균열,2025-02-07,37.394345,126.955552,LINK003,N007,N067,경기도 안양시 시민대로 123,2025-12-31
SAMPLE-00523,포트홀,2025-07-06,37.395116,126.956758,LINK040,N067,N059,경기도 안양시 안양로 38,2025-12-31
SAMPLE-00524,도로파임,2025-08-08,37.412288,126.952112,LINK012,N078,N021,경기도 안양시 관악대로 234,2025-12-31
SAMPLE-00525,횡방향 균열,2025-01-06,37.40272,126.921799,LINK023,N075,N045,경기도 안양시 시민대로 281,2025-12-31
SAMPLE-00526,포트홀,2025-06-04,37.427505,126.922481,LINK023,N035,N069,경기도 안양시 관악대로 128,2025-12-31
SAMPLE-00527,횡방향 균열,2025-04-16,37.368483,126.964434,LINK018,N004,N015,경기도 안양시 시민대로 267,2025-12-31
SAMPLE-00528,거북등 균열,2025-11-14,37.382983,126.93449,LINK031,N070,N057,경기도 안양시 관악대로 86,2025-12-31
SAMPLE-00529,횡방향 균열,2025-03-15,37.38744,126.977292,LINK017,N014,N002,경기도 안양시 만안로 109,2025-12-31
SAMPLE-00530,거북등 균열,2025-05-04,37.381386,126.929316,LINK016,N020,N002,경기도 안양시 안양로 107,2025-12-31
SAMPLE-00531,거북등 균열,2025-11-24,37.402862,126.922426,LINK001,N073,N058,경기도 안양시 경수대로 48,2025-12-31
SAMPLE-00532,포트홀,2025-09-20,37.437859,126.906482,LINK019,N027,N003,경기도 안양시 학의로 247,2025-12-31
SAMPLE-00533,횡방향 균열,2025-11-14,37.378108,126.959457,LINK014,N011,N027,경기도 안양시 안양로 91,2025-12-31
SAMPLE-00534,도로파임,2025-06-13,37.393105,126.957666,LINK006,N055,N061,경기도 안양시 만안로 276,2025-12-31
SAMPLE-00535,종방향 균열,2025-09-24,37.379791,126.952699,LINK037,N052,N050,경기도 안양시 학의로 221,2025-12-31
SAMPLE-00536,횡방향 균열,2025-04-03,37.370348,126.936581,LINK015,N047,N024,경기도 안양시 학의로 27,2025-12-31
SAMPLE-00537,횡방향 균열,2025-08-09,37.402911,126.924331,LINK017,N063,N038,경기도 안양시 경수대로 105,2025-12-31
SAMPLE-00538,거북등 균열,2025-02-07,37.423587,126.943153,LINK028,N013,N005,경기도 안양시 경수대로 102,2025-12-31
SAMPLE-00539,거북등 균열,2025-09-18,37.432841,126.947298,LINK002,N063,N069,경기도 안양시 만안로 40,2025-12-31
SAMPLE-00540,도로파임,2025-03-28,37.383661,126.936485,LINK023,N034,N015,경기도 안양시 만안로 166,2025-12-31
SAMPLE-00541,포트홀,2025-01-11,37.435765,126.977439,LINK037,N002,N026,경기도 안양시 시민대로 113,2025-12-31
SAMPLE-00542,포트홀,2025-05-26,37.421143,126.931958,LINK037,N051,N055,경기도 안양시 관악대로 24,2025-12-31
SAMPLE-00543,도로파임,2025-01-22,37.401519,126.923233,LINK006,N070,N016,경기도 안양시 경수대로 101,2025-12-31
SAMPLE-00544,종방향 균열,2025-10-23,37.371788,126.949387,LINK028,N060,N072,경기도 안양시 학의로 173,2025-12-31
SAMPLE-00545,거북등 균열,2025-07-28,37.360039,126.932002,LINK036,N031,N047,경기도 안양시 만안로 254,2025-12-31
SAMPLE-00546,거북등 균열,2025-06-02,37.402625,126.923983,LINK005,N062,N050,경기도 안양시 학의로 169,2025-12-31
SAMPLE-00547,종방향 균열,2025-04-28,37.410175,126.906243,LINK034,N006,N014,경기도 안양시 만안로 208,2025-12-31
SAMPLE-00548,거북등 균열,2025-10-11,37.386852,126.973778,LINK029,N030,N025,경기도 안양시 경수대로 84,2025-12-31
SAMPLE-00549,횡방향 균열,2025-02-12,37.395243,126.958099,LINK006,N054,N016,경기도 안양시 흥안대로 276,2025-12-31
SAMPLE-00550,횡방향 균열,2025-11-15,37.391514,126.96435,LINK003,N016,N018,경기도 안양시 경수대로 199,2025-12-31
SAMPLE-00551,횡방향 균열,2025-11-22,37.418942,126.959169,LINK016,N067,N054,경기도 안양시 학의로 243,2025-12-31
SAMPLE-00552,종방향 균열,2025-05-04,37.382315,126.936484,LINK036,N077,N008,경기도 안양시 학의로 122,2025-12-31
SAMPLE-00553,도로파임,2025-04-16,37.437689,126.89835,LINK011,N016,N004,경기도 안양시 경수대로 164,2025-12-31
SAMPLE-00554,도로파임,2025-07-02,37.374321,126.91088,LINK036,N041,N050,경기도 안양시 학의로 184,2025-12-31
SAMPLE-00555,횡방향 균열,2025-07-15,37.38387,126.934367,LINK019,N060,N001,경기도 안양시 경수대로 186,2025-12-31
SAMPLE-00556,종방향 균열,2025-01-08,37.363848,126.927031,LINK008,N027,N054,경기도 안양시 경수대로 234,2025-12-31
SAMPLE-00557,포트홀,2025-07-18,37.366605,126.970314,LINK022,N061,N052,경기도 안양시 학의로 21,2025-12-31
SAMPLE-00558,거북등 균열,2025-01-11,37.38373,126.935488,LINK027,N076,N039,경기도 안양시 학의로 282,2025-12-31
SAMPLE-00559,거북등 균열,2025-04-25,37.398091,126.944313,LINK033,N037,N020,경기도 안양시 만안로 224,2025-12-31
SAMPLE-00560,도로파임,2025-08-18,37.422588,126.970016,LINK004,N037,N005,경기도 안양시 흥안대로 143,2025-12-31
SAMPLE-00561,도로파임,2025-10-21,37.403474,126.922253,LINK021,N046,N005,경기도 안양시 학의로 222,2025-12-31
SAMPLE-00562,도로파임,2025-03-10,37.43483,126.975368,LINK016,N059,N024,경기도 안양시 경수대로 174,2025-12-31
SAMPLE-00563,포트홀,2025-08-17,37.419613,126.901963,LINK012,N020,N049,경기도 안양시 흥안대로 279,2025-12-31
SAMPLE-00564,횡방향 균열,2025-06-14,37.393943,126.955948,LINK016,N065,N073,경기도 안양시 관악대로 18,2025-12-31
SAMPLE-00565,도로파임,2025-01-08,37.408141,126.922854,LINK027,N050,N079,경기도 안양시 시민대로 147,2025-12-31
SAMPLE-00566,도로파임,2025-05-28,37.378997,126.929104,LINK004,N014,N045,경기도 안양시 경수대로 227,2025-12-31
SAMPLE-00567,거북등 균열,2025-02-16,37.394452,126.956481,LINK031,N051,N074,경기도 안양시 학의로 220,2025-12-31
SAMPLE-00568,포트홀,2025-04-04,37.377791,126.957255,LINK011,N015,N026,경기도 안양시 학의로 294,2025-12-31
SAMPLE-00569,포트홀,2025-07-20,37.436145,126.908084,LINK030,N021,N028,경기도 안양시 시민대로 90,2025-12-31
SAMPLE-00570,거북등 균열,2025-07-09,37.381909,126.935315,LINK014,N041,N040,경기도 안양시 학의로 288,2025-12-31
SAMPLE-00571,도로파임,2025-08-09,37.434904,126.979143,LINK031,N058,N032,경기도 안양시 만안로 111,2025-12-31
SAMPLE-00572,종방향 균열,2025-03-24,37.364127,126.942076,LINK030,N016,N014,경기도 안양시 안양로 179,2025-12-31
SAMPLE-00573,거북등 균열,2025-08-28,37.394469,126.956876,LINK002,N048,N019,경기도 안양시 흥안대로 53,2025-12-31
SAMPLE-00574,포트홀,2025-02-20,37.431901,126.904446,LINK026,N054,N030,경기도 안양시 관악대로 246,2025-12-31
SAMPLE-00575,종방향 균열,2025-02-21,37.400529,126.893298,LINK017,N072,N022,경기도 안양시 경수대로 98,2025-12-31
SAMPLE-00576,포트홀,2025-01-21,37.393227,126.95663,LINK007,N027,N005,경기도 안양시 경수대로 185,2025-12-31
SAMPLE-00577,횡방향 균열,2025-09-13,37.387565,126.898695,LINK023,N030,N013,경기도 안양시 학의로 199,2025-12-31
SAMPLE-00578,횡방향 균열,2025-02-02,37.410233,126.923898,LINK002,N018,N050,경기도 안양시 만안로 68,2025-12-31
SAMPLE-00579,횡방향 균열,2025-01-22,37.38421,126.934636,LINK022,N062,N054,경기도 안양시 시민대로 26,2025-12-31
SAMPLE-00580,종방향 균열,2025-02-22,37.375604,126.907809,LINK019,N021,N022,경기도 안양시 시민대로 116,2025-12-31
SAMPLE-00581,도로파임,2025-06-09,37.407802,126.905908,LINK036,N078,N036,경기도 안양시 만안로 282,2025-12-31
SAMPLE-00582,횡방향 균열,2025-05-07,37.39476,126.957198,LINK025,N029,N055,경기도 안양시 만안로 277,2025-12-31
SAMPLE-00583,포트홀,2025-11-01,37.398532,126.897927,LINK008,N016,N020,경기도 안양시 안양로 126,2025-12-31
SAMPLE-00584,포트홀,2025-07-01,37.399271,126.948382,LINK023,N044,N009,경기도 안양시 학의로 110,2025-12-31
SAMPLE-00585,횡방향 균열,2025-01-17,37.393727,126.957105,LINK028,N073,N072,경기도 안양시 관악대로 228,2025-12-31
SAMPLE-00586,거북등 균열,2025-12-11,37.403026,126.946989,LINK036,N006,N055,경기도 안양시 시민대로 13,2025-12-31
SAMPLE-00587,포트홀,2025-10-16,37.386259,126.928252,LINK002,N071,N035,경기도 안양시 경수대로 6,2025-12-31
SAMPLE-00588,종방향 균열,2025-07-04,37.384473,126.933774,LINK022,N023,N064,경기도 안양시 관악대로 109,2025-12-31
SAMPLE-00589,거북등 균열,2025-09-03,37.398746,126.905294,LINK009,N024,N024,경기도 안양시 관악대로 214,2025-12-31
SAMPLE-00590,횡방향 균열,2025-12-22,37.419843,126.973832,LINK009,N042,N074,경기도 안양시 시민대로 144,2025-12-31
SAMPLE-00591,도로파임,2025-03-19,37.401912,126.923653,LINK033,N078,N069,경기도 안양시 경수대로 33,2025-12-31
SAMPLE-00592,도로파임,2025-02-01,37.421041,126.945341,LINK016,N078,N013,경기도 안양시 경수대로 216,2025-12-31
SAMPLE-00593,횡방향 균열,2025-04-26,37.427781,126.91505,LINK007,N046,N010,경기도 안양시 흥안대로 195,2025-12-31
SAMPLE-00594,도로파임,2025-03-04,37.403843,126.922669,LINK001,N080,N004,경기도 안양시 경수대로 119,2025-12-31
SAMPLE-00595,종방향 균열,2025-01-10,37.373936,126.965972,LINK020,N058,N053,경기도 안양시 안양로 176,2025-12-31
SAMPLE-00596,횡방향 균열,2025-12-28,37.377065,126.948796,LINK002,N050,N033,경기도 안양시 흥안대로 125,2025-12-31
SAMPLE-00597,횡방향 균열,2025-12-23,37.383467,126.935779,LINK023,N077,N012,경기도 안양시 만안로 273,2025-12-31
SAMPLE-00598,도로파임,2025-08-21,37.363162,126.946968,LINK027,N057,N054,경기도 안양시 안양로 96,2025-12-31
SAMPLE-00599,거북등 균열,2025-02-17,37.380625,126.968136,LINK037,N040,N027,경기도 안양시 안양로 249,2025-12-31
SAMPLE-00600,종방향 균열,2025-01-09,37.383121,126.934723,LINK035,N047,N038,경기도 안양시 학의로 35,2025-12-31
SAMPLE-99991,포트홀,2025-06-01,없음,126.95,LINK001,N001,N002,경기도 안양시 안양로 1,2025-12-31
SAMPLE-99992,포트홀,2025-06-01,35.1,129.0,LINK002,N003,N004,부산광역시 (범위 밖 테스트),2025-12-31
SAMPLE-00001,종방향 균열,2025-11-15,37.379473,126.907153,LINK023,N033,N002,경기도 안양시 만안로 95,2025-12-31
